{
  "best_method": "median",
  "best_auc": 0.8958115964627664,
  "best_accuracy": 0.7830376388658598,
  "all_methods": {
    "average": {
      "auc": 0.8957932196021959,
      "accuracy": 0.7917426629083071
    },
    "weighted": {
      "auc": 0.8957945570017523,
      "accuracy": 0.7917426629083071
    },
    "median": {
      "auc": 0.8958115964627664,
      "accuracy": 0.7830376388658598
    }
  },
  "individual_model_scores": [
    0.8945,
    0.8941,
    0.8938,
    0.8946,
    0.8945,
    0.8951,
    0.895,
    0.8948,
    0.8946,
    0.8944
  ],
  "model_names": [
    "catboost_aggressive",
    "catboost_balanced",
    "catboost_conservative",
    "catboost_deep",
    "catboost_deep_moderate",
    "catboost_final",
    "catboost_low_reg",
    "catboost_regularized",
    "catboost_sampled",
    "catboost_shallow"
  ]
}